USE [QuanLyNhaHangKhachSan]
GO

-- Chu_so_huu
INSERT INTO Chu_so_huu values('001',N'Trần Khánh Linh') 
INSERT INTO Chu_so_huu values('002',N'Hoàng Đức Sơn') 
INSERT INTO Chu_so_huu values('003',N'Phạm Tiến Minh') 
INSERT INTO Chu_so_huu values('004',N'Trần Hữu Nghĩa') 

-- Chi_nhanh
INSERT INTO Chi_nhanh values('nhHN', '002', N'Hội Nghộ', N'19B Nguyễn Thị Diệu, Phường 6, Quận 3, TP. Hồ Chí Minh', N'Nhà hàng', 4.2) 
INSERT INTO Chi_nhanh values('ksAIHDL', '004', N'A In Hotel Del Luna', N'53 - 55 Cô Bắc, Phường Cầu Ông Lãnh, Quận 1, Quận 1, TP. Hồ Chí Minh', N'Khách sạn', 4.1) 
INSERT INTO Chi_nhanh values('ksAIHG', '004', N'A In Hotel Glamour', N'63/1-63/3 Đường 19, Phường Bình An, Quận 2, Quận 2, TP. Hồ Chí Minh', N'Khách sạn', 3.7) 
INSERT INTO Chi_nhanh values('ksAIHR', '004', N'A In Hotel Riverside', N' 188-189 Bến Vân Đồn, Phường 5, Quận 4, TP. Hồ Chí Minh', N'Khách sạn', 4.2) 
INSERT INTO Chi_nhanh values('ksAIHTS', '004', N'A In Hotel Trung Sơn', N'34 Đường 6C, Huyện Bình Chánh, TP. HCM', N'Khách sạn', 3.4) 
INSERT INTO Chi_nhanh values('nhP79SNA', '003', N'Phố 79 - Sương Nguyệt Ánh', N'79 Sương Nguyệt Ánh, Phường Bến Thành, Quận 1, TP. Hồ Chí Minh', N'Nhà hàng', 4.5) 
INSERT INTO Chi_nhanh values('nhP79PNT', '003', N'Phố 79 - Phạm Ngọc Thạch', N'5 Phạm Ngọc Thạch, Phường Võ Thị Sáu, Quận 3, TP. Hồ Chí Minh', N'Nhà hàng', 4.5) 
INSERT INTO Chi_nhanh values('ksBT', '001', N'Bonita THT', N'185 Tô Hiến Thành, Phường 13, Quận 10, TP. Hồ Chí Minh', N'Khách sạn', 4.0) 

-- Loi_nhuan
INSERT INTO Loi_nhuan values(N'nhHN', '2021', -480000000) 
INSERT INTO Loi_nhuan values(N'ksAIHDL', '2021', -400000000) 
INSERT INTO Loi_nhuan values(N'ksAIHG', '2021', -340000000) 
INSERT INTO Loi_nhuan values(N'ksAIHR', '2021', -450000000) 
INSERT INTO Loi_nhuan values(N'ksAIHTS', '2021', -320000000) 
INSERT INTO Loi_nhuan values(N'nhP79SNA', '2021', -417000000) 
INSERT INTO Loi_nhuan values(N'nhP79PNT', '2021', -390000000) 
INSERT INTO Loi_nhuan values(N'ksBT', '2021', -200000000) 
INSERT INTO Loi_nhuan values(N'nhHN', '2022', 2200000000) 
INSERT INTO Loi_nhuan values(N'ksAIHDL', '2022', 2150000000) 
INSERT INTO Loi_nhuan values(N'ksAIHG', '2022', 1900000000) 
INSERT INTO Loi_nhuan values(N'ksAIHR', '2022', 2250000000) 
INSERT INTO Loi_nhuan values(N'ksAIHTS', '2022', -140000000) 
INSERT INTO Loi_nhuan values(N'nhP79SNA', '2022', 2800000000) 
INSERT INTO Loi_nhuan values(N'nhP79PNT', '2022', 2600000000) 
INSERT INTO Loi_nhuan values(N'ksBT', '2022', 1500000000) 

-- NHANVIEN
SET DATEFORMAT mdy;
INSERT INTO Nhan_vien_ql values('0000000001', N'Hữu Ái Nghi', N'Nữ', '10/16/1993', 47000000, null, N'nhHN') 
INSERT INTO Nhan_vien_ql values('0000000002', N'Nguyễn Thị Huệ ', N'Nữ', '9/2/1983', 20000000, null, N'ksAIHDL') 
INSERT INTO Nhan_vien_ql values('0000000003', N'Nguyễn Gia Bảo', N'Nam', '9/20/1999', 20000000, null, N'ksAIHG') 
INSERT INTO Nhan_vien_ql values('0000000004', N'Đào Đăng Liên', N'Nữ', '9/26/1987', 25000000, null, N'ksAIHR') 
INSERT INTO Nhan_vien_ql values('0000000005', N'Hoàng Duy Long', N'Nam', '8/14/1990', 20000000, null, N'ksAIHTS') 
INSERT INTO Nhan_vien_ql values('0000000006', N'Võ Chơn Ngọc ', N'Nữ', '4/8/1982', 50000000, null, null) 
INSERT INTO Nhan_vien_ql values('0000000007', N'Huỳnh Phúc Lý', N'Nam', '9/5/1995', 20000000, null, N'nhP79SNA') 
INSERT INTO Nhan_vien_ql values('0000000008', N'Nguyễn Nghiệp Văn ', N'Nam', '11/19/1987', 23000000, null, N'nhP79PNT') 
INSERT INTO Nhan_vien_ql values('0000000009', N'Nguyễn Phú Hân ', N'Nữ', '6/10/1984', 43000000, null, null) 
INSERT INTO Nhan_vien_ql values('0000000010', N'Trần Hữu Phước', N'Nam', '7/22/1981', 41000000, null, N'ksBT') 

-- Update ma_tql
update Nhan_vien_ql set ma_tql = '0000000006' WHERE ma_nvql = '0000000002' or ma_nvql = '0000000003' or ma_nvql = '0000000004'or ma_nvql = '0000000005'
update Nhan_vien_ql set ma_tql = '0000000009' WHERE ma_nvql = '0000000007' or ma_nvql = '0000000008'

-- Than_nhan
INSERT INTO Than_nhan values('0000000001', N'Châu', N'Nam', '2/10/1991', N'Vợ chồng') 
INSERT INTO Than_nhan values('0000000001', N'Hân ', N'Nữ', '10/30/2011', N'Con gái') 
INSERT INTO Than_nhan values('0000000002', N'Thắng', N'Nam', '12/28/1984', N'Vợ chồng') 
INSERT INTO Than_nhan values('0000000003', N'Huỳnh', N'Nữ', '12/19/1999', N'Vợ chồng') 
INSERT INTO Than_nhan values('0000000003', N'Minh ', N'Nam', '8/12/2020', N'Con trai') 
INSERT INTO Than_nhan values('0000000004', N'Hải', N'Nam', '9/30/1987', N'Vợ chồng') 
INSERT INTO Than_nhan values('0000000005', N'Thuỳ', N'Nữ', '10/3/1991', N'Vợ chồng') 
INSERT INTO Than_nhan values('0000000005', N'Huyết', N'Nam', '2/24/2009', N'Con trai') 
INSERT INTO Than_nhan values('0000000005', N'Như', N'Nữ', '2/15/2009', N'Con gái') 
INSERT INTO Than_nhan values('0000000007', N'Vân', N'Nữ', '3/22/1996', N'Vợ chồng') 
INSERT INTO Than_nhan values('0000000007', N'Phong', N'Nam', '7/27/2013', N'Con trai') 
INSERT INTO Than_nhan values('0000000009', N'Phúc', N'Nam', '3/7/1983', N'Vợ chồng') 
INSERT INTO Than_nhan values('0000000009', N'Nam', N'Nam', '4/26/2005', N'Con trai') 
INSERT INTO Than_nhan values('0000000010', N'Hồng', N'Nữ', '8/12/1981', N'Vợ chồng') 
INSERT INTO Than_nhan values('0000000010', N'Phương', N'Nữ', '1/31/2002', N'Con gái') 

-- Khach_hang
INSERT INTO Khach_hang values('0000000001', N'ksAIHDL', N'Lê Thị Thanh Vân', N'Nữ', '6/23/1981', '0938121979') 
INSERT INTO Khach_hang values('0000000002', N'ksBT', N'Phạm Thị Bích Thủy', N'Nữ', '7/7/1978', '0987231261') 
INSERT INTO Khach_hang values('0000000003', N'ksAIHR', N'Đặng Thanh Hùng', N'Nam', '2/2/1977', '0908487452') 
INSERT INTO Khach_hang values('0000000004', N'nhP79SNA', N'Nguyễn Hồng Thi', N'Nữ', '7/18/1978', '0983866863') 
INSERT INTO Khach_hang values('0000000005', N'nhHN', N'Nguyễn Thị Nghĩa', N'Nữ', '12/24/1991', '0912727162') 
INSERT INTO Khach_hang values('0000000006', N'ksAIHDL', N'Hoàng Minh Chí', N'Nam', '2/6/1970', '0983091207') 
INSERT INTO Khach_hang values('0000000007', N'ksAIHR', N'Võ Phương Anh', N'Nữ', '6/19/1991', '0985962425') 
INSERT INTO Khach_hang values('0000000008', N'nhP79PNT', N'Hồ Thị Kim Thúy', N'Nữ', '12/22/1992', '0962718888') 
INSERT INTO Khach_hang values('0000000009', N'nhP79SNA', N'Nguyễn Trần Vân Quỳnh', N'Nữ', '5/16/1979', '0913887846') 
INSERT INTO Khach_hang values('0000000010', N'ksAIHTS', N'Ngô Thị Mỹ Hạnh', N'Nữ', '12/13/1999', '0904864762') 
INSERT INTO Khach_hang values('0000000011', N'nhHN', N'Trần Thị Nga', N'Nữ', '6/25/1994', '0915602225') 
INSERT INTO Khach_hang values('0000000012', N'ksAIHG', N'Bùi Tuyết Mai', N'Nữ', '7/23/1976', '0907882688') 
INSERT INTO Khach_hang values('0000000013', N'ksAIHDL', N'Nguyễn Thị My', N'Nữ', '11/8/1992', '0913121913') 
INSERT INTO Khach_hang values('0000000014', N'ksAIHR', N'Phạm Đình Tâm', N'Nam', '4/30/1970', '0929715555') 
INSERT INTO Khach_hang values('0000000015', N'nhP79PNT', N'Võ Khắc Huy', N'Nam', '10/19/1997', '0918154339') 
INSERT INTO Khach_hang values('0000000016', N'nhP79SNA', N'Hồng Minh Đức', N'Nam', '4/21/1988', '0903384746') 
INSERT INTO Khach_hang values('0000000017', N'ksAIHG', N'Nguyễn Thị Lộc Thảo', N'Nữ', '8/25/1971', '0903818912') 
INSERT INTO Khach_hang values('0000000018', N'nhP79PNT', N'Nguyễn Thái Hiền', N'Nữ', '7/5/1993', '0983216960') 
INSERT INTO Khach_hang values('0000000019', N'nhHN', N'Hồ Thị Kim Hòa', N'Nữ', '3/31/1990', '0913317577') 
INSERT INTO Khach_hang values('0000000020', N'ksBT', N'Phan Nhật Khôi', N'Nam', '10/24/1971', '0903707410') 
INSERT INTO Khach_hang values('0000000021', N'nhP79SNA', N'Nguyễn Thị Mỹ Ngọc ', N'Nữ', '9/25/1988', '0903727105') 
INSERT INTO Khach_hang values('0000000022', N'nhP79PNT', N'Trần Thị Lương', N'Nữ', '7/5/1979', '0982986818') 
INSERT INTO Khach_hang values('0000000023', N'nhHN', N'Bùi Thị Hồng Hoa', N'Nữ', '10/11/1978', '0913353006') 
INSERT INTO Khach_hang values('0000000024', N'nhP79SNA', N'Tăng Thị Hiền', N'Nữ', '9/20/1990', '0936036039') 
INSERT INTO Khach_hang values('0000000025', N'nhP79SNA', N'Hồ Thị Quỳnh Anh', N'Nữ', '11/9/1982', '0947137555') 
INSERT INTO Khach_hang values('9999999999', N'nhP79SNA', N'Hồ Thị Quỳnh Anh', null, null, null) 

-- Dich_vu
INSERT INTO Dich_vu values(N'pvtt', N'Phục vụ trực tiếp tại nhà hàng') 
INSERT INTO Dich_vu values(N'dcnh', N'Đặt giữ chỗ nhà hàng') 
INSERT INTO Dich_vu values(N'damv', N'Đồ ăn mang về') 
INSERT INTO Dich_vu values(N'ghtn', N'Giao hàng tận nơi') 
INSERT INTO Dich_vu values(N'cate', N'Catering') 
INSERT INTO Dich_vu values(N'nd', N'Nghỉ dưỡng') 
INSERT INTO Dich_vu values(N'guqa', N'Giặt ủi quần áo') 
INSERT INTO Dich_vu values(N'ddsb', N'Đưa đón sân bay') 
INSERT INTO Dich_vu values(N'nhks', N'Nhà hàng') 
INSERT INTO Dich_vu values(N'hhvp', N'Hội họp, văn phòng') 
INSERT INTO Dich_vu values(N'bar', N'Quầy bar') 
INSERT INTO Dich_vu values(N'spa', N'Spa') 
INSERT INTO Dich_vu values(N'fit', N'Fitness center') 
INSERT INTO Dich_vu values(N'gat', N'Sân golf và sân tennis') 

-- CN_DV
INSERT INTO CN_DV values(N'nhHN', N'pvtt') 
INSERT INTO CN_DV values(N'nhHN', N'dcnh') 
INSERT INTO CN_DV values(N'nhP79SNA', N'pvtt') 
INSERT INTO CN_DV values(N'nhP79SNA', N'dcnh') 
INSERT INTO CN_DV values(N'nhP79SNA', N'damv') 
INSERT INTO CN_DV values(N'nhP79SNA', N'ghtn') 
INSERT INTO CN_DV values(N'ksAIHDL', N'nd') 
INSERT INTO CN_DV values(N'ksAIHDL', N'nhks') 
INSERT INTO CN_DV values(N'ksAIHDL', N'hhvp') 
INSERT INTO CN_DV values(N'ksAIHR', N'nd') 
INSERT INTO CN_DV values(N'ksAIHR', N'nhks') 
INSERT INTO CN_DV values(N'ksAIHR', N'guqa') 
INSERT INTO CN_DV values(N'nhP79PNT', N'pvtt') 
INSERT INTO CN_DV values(N'nhP79PNT', N'damv') 
INSERT INTO CN_DV values(N'nhP79PNT', N'cate') 

-- KH_DV
SET DATEFORMAT dmy;
INSERT INTO KH_DV values(N'nd', N'0000000006', '23/5/2022  9:15:45', '26/5/2022  10:50:32', 2100000) 
INSERT INTO KH_DV values(N'nd', N'0000000014', '8/7/2022  12:00:26', '14/7/2022  17:09:12', 5200000) 
INSERT INTO KH_DV values(N'nhks', N'0000000014', '9/7/2022  18:20:50', '9/7/2022  20:14:57', 300000) 
INSERT INTO KH_DV values(N'guqa', N'0000000014', '11/7/2022  14:15:48', '11/7/2022  17:50:35', 0) 
INSERT INTO KH_DV values(N'pvtt', N'0000000005', '11/7/2022  19:34:01', '29/7/2022  21:57:39', 627000) 
INSERT INTO KH_DV values(N'dcnh', N'0000000009', '8/11/2022  15:05:27', '8/11/2022  15:05:28', 0) 
INSERT INTO KH_DV values(N'pvtt', N'0000000009', '8/11/2022  19:11:39', '8/11/2022  21:43:01', 782000) 
INSERT INTO KH_DV values(N'cate', N'0000000018', '2/1/2022  18:00:00', '2/1/2022  22:07:01', 2082000) 
INSERT INTO KH_DV values(N'pvtt', N'0000000022', '9/6/2022  12:07:28', '9/6/2022  13:30:49', 450000) 
INSERT INTO KH_DV values(N'damv', N'0000000022', '9/6/2022  13:31:41', '9/6/2022  14:07:30', 356000) 
INSERT INTO KH_DV values(N'hhvp', N'0000000013', '1/10/2022  13:00:00', '1/10/2022  16:00:00', 1000000) 